,AirportID_CountryID,CountryID,Distance,ICAOCategoryID,OccClassID,OccIncidentTypeID,OccRegionID,OccTypeID,SeriousIncidentEnum,TotalFatalCount,TotalMinorCount,TotalNoneCount,TotalSeriousCount,TotalUnknownCount
count,23028.0,52742.0,4581.0,11049.0,52742.0,29463.0,52712.0,52742.0,29464.0,52742.0,52742.0,52742.0,52742.0,52742.0
mean,7.46395692200799,14.892173220583217,58.618527339567784,20.300751199203546,9.474441621478139,7.289108373213861,3.8296403096069205,2.1172879299230214,2.6820866141732282,0.15044935724849265,0.13035152250578286,29.795798414925486,0.0755564824997156,0.010276440028819537
std,40.449448226459694,76.21057660137657,115.81028972880652,9.871713349452147,3.204888118139163,4.5288557884371095,1.9122691125802116,0.9931073664236306,0.5399275412687118,2.9357181002789488,0.785416666632658,65.46883231696867,0.4939463536356684,1.4452092968266899
min,2.0,2.0,0.1,1.0,1.0,1.0,1.0,1.0,1.0,0.0,0.0,0.0,0.0,0.0
25%,2.0,2.0,10.0,12.0,7.0,2.0,2.0,1.0,2.0,0.0,0.0,0.0,0.0,0.0
50%,2.0,2.0,25.0,25.0,12.0,9.0,4.0,3.0,3.0,0.0,0.0,2.0,0.0,0.0
75%,2.0,2.0,55.0,28.0,12.0,11.0,5.0,3.0,3.0,0.0,0.0,17.0,0.0,0.0
max,552.0,552.0,1950.0,36.0,13.0,18.0,9.0,3.0,3.0,261.0,48.0,722.0,47.0,326.0
